<?xml version="1.0" encoding="UTF-8"?>
<project-private xmlns="http://www.netbeans.org/ns/project-private/1">
    <editor-bookmarks xmlns="http://www.netbeans.org/ns/editor-bookmarks/2" lastBookmarkId="0"/>
    <open-files xmlns="http://www.netbeans.org/ns/projectui-open-files/2">
        <group>
            <file>file:/C:/Users/edsoni.000/Documents/NetBeansProjects/WSimulado/web/valida.jsp</file>
            <file>file:/C:/Users/edsoni.000/Documents/NetBeansProjects/WSimulado/src/java/Dao/AlunoDAO.java</file>
            <file>file:/C:/Users/edsoni.000/Documents/NetBeansProjects/WSimulado/web/boletim.jsp</file>
            <file>file:/C:/Users/edsoni.000/Documents/NetBeansProjects/WSimulado/web/login.jsp</file>
            <file>file:/C:/Users/edsoni.000/Documents/NetBeansProjects/WSimulado/web/index.jsp</file>
            <file>file:/C:/Users/edsoni.000/Documents/NetBeansProjects/WSimulado/src/java/Classes/Media.java</file>
        </group>
    </open-files>
</project-private>
